{
  "A": 0.1489223702947279,
  "A_err": 82271.00302383558,
  "gamma": 0.009456419567757328,
  "gamma_err": 552442.2144191328,
  "chi2": 7.267002913965179,
  "dof": 8,
  "chi2_reduced": 0.9083753642456474,
  "p_value": 0.5081182210910605,
  "eta_over_s_estimate": 0.0007525179590797516,
  "n_points": 10,
  "fit_quality": "good"
}