{
  "alpha": 0.2748805994524358,
  "alpha_err": 0.04051684604801142,
  "x0": 11.8295853505561,
  "x0_err": 5.0727887872696344,
  "chi2": 3.577868453130449,
  "dof": 6,
  "chi2_reduced": 0.5963114088550748,
  "p_value": 0.7335824668533422,
  "n_points": 8,
  "fit_quality": "good"
}