{
  "A": 0.14545505768407213,
  "A_err": 132511.7212144438,
  "gamma": 0.009521208306814367,
  "gamma_err": 911014.8818073325,
  "chi2": 11.30569417201861,
  "dof": 8,
  "chi2_reduced": 1.4132117715023262,
  "p_value": 0.18497240755666788,
  "eta_over_s_estimate": 0.0007576736831185609,
  "n_points": 10,
  "fit_quality": "good"
}