{
  "alpha": 0.5568149378003304,
  "alpha_err": 0.018493049886350088,
  "x0": 2.0922647312481413,
  "x0_err": 0.42462918206600847,
  "chi2": 6.293414328168483,
  "dof": 6,
  "chi2_reduced": 1.0489023880280806,
  "p_value": 0.3911369189087741,
  "n_points": 8,
  "fit_quality": "good"
}