{
  "alpha": 0.8999999999955453,
  "alpha_err": 1.9364650584406016,
  "x0": 1.0250369321388422,
  "x0_err": 4.194537097299201,
  "chi2": 27.433083141356683,
  "dof": 36,
  "chi2_reduced": 0.7620300872599078,
  "p_value": 0.8467823057854723,
  "n_points": 38,
  "fit_quality": "good"
}