{
  "A": 0.030317665459233444,
  "A_err": 23383.700548275596,
  "gamma": 0.6998542213953954,
  "gamma_err": 771289.6236570968,
  "chi2": 268.2334475176669,
  "dof": 11,
  "chi2_reduced": 24.384858865242446,
  "p_value": 0.0,
  "eta_over_s_estimate": 0.05569262938940344,
  "n_points": 13,
  "fit_quality": "poor"
}