{
  "alpha": 0.7477424317663369,
  "alpha_err": 0.002492291802650874,
  "x0": 1.9228860190750852,
  "x0_err": 0.032581123155396484,
  "chi2": 219.62435387770535,
  "dof": 8,
  "chi2_reduced": 27.45304423471317,
  "p_value": 0.0,
  "n_points": 10,
  "fit_quality": "poor"
}