{
  "theoretical_values": {
    "alpha": 0.218,
    "gamma": 0.0174,
    "source": "derive_from_first_principles_CORRECTED.py"
  },
  "lambda_p_ratio": {
    "theory": {
      "alpha": 0.218,
      "x0": 738566686.1433475,
      "baseline": 0.6335039896618846,
      "chi2": 9277.268226611632,
      "chi2_reduced": 1159.658528326454,
      "dof": 8
    },
    "best_fit": {
      "alpha": 6.69541316321643e-15,
      "alpha_err": 0.8437615454444812,
      "x0": 99.99999999999866,
      "baseline": 0.6335039878938258,
      "chi2": 9277.267970538067,
      "chi2_reduced": 1325.3239957911524,
      "dof": 7
    }
  },
  "v2_ridge": {
    "theory": {
      "gamma": 0.0174,
      "A": 0.015321795233474357,
      "chi2": 268.2334475176672,
      "chi2_reduced": 22.35278729313893,
      "dof": 12
    },
    "best_fit": {
      "gamma": 1.0970664298200719,
      "gamma_err": 4304099.014009662,
      "A": 0.04510272967012403,
      "chi2": 268.23344751766723,
      "chi2_reduced": 24.384858865242474,
      "dof": 11
    },
    "constant": {
      "v2": 0.05831259792307692,
      "chi2": 38.04821173078004,
      "chi2_reduced": 3.1706843108983365,
      "dof": 12
    }
  }
}